lng,lat,url,title,pic,sentiment
104.195397,35.86166,https://www.nytimes.com/reuters/2018/09/24/business/24reuters-usa-trade-china-whitepaper.html,"China to Issue White Paper on U.S. Trade Frictions-Xinhua",https://texasperformingarts.org/sites/files/tpa/tpa_news_images/new-york-times-logo.jpg,-0.04230727319369465
-85.60236429999999,44.3148443,https://www.nytimes.com/aponline/2018/09/24/sports/ncaafootball/ap-fbc-t25-ap-top-25-heat-check.html,"AP Top 25 Heat Check: Basketball Schools Storm Football Poll",https://texasperformingarts.org/sites/files/tpa/tpa_news_images/new-york-times-logo.jpg,-0.13506231201787183
-96.05717899999999,36.0882888,https://www.nytimes.com/aponline/2018/09/24/sports/ncaafootball/ap-fbc-t25-ap-top-25-heat-check.html,"AP Top 25 Heat Check: Basketball Schools Storm Football Poll",https://texasperformingarts.org/sites/files/tpa/tpa_news_images/new-york-times-logo.jpg,-0.13506231201787183
-77.0878648,38.9849882,https://www.nytimes.com/aponline/2018/09/24/world/asia/ap-as-singapore-uber.html,"Singapore Fines Uber, Grab for 'Anti-Competitive' Merger",https://texasperformingarts.org/sites/files/tpa/tpa_news_images/new-york-times-logo.jpg,-0.12089925671789153
-0.14189,51.501364,https://www.nytimes.com/aponline/2018/09/24/world/europe/ap-eu-britain-buckingham-palace-arrest.html,"Man Arrested With Small Taser at Buckingham Palace Set Free",https://texasperformingarts.org/sites/files/tpa/tpa_news_images/new-york-times-logo.jpg,-0.35947068101352264
-95.3395003,29.0495225,https://www.nytimes.com/reuters/2018/09/24/business/24reuters-lng-tanker-arrival.html,"LNG Tanker Ougarta Set to Arrive at UK's Isle of Grain on Sept. 27",https://texasperformingarts.org/sites/files/tpa/tpa_news_images/new-york-times-logo.jpg,0.0
-95.6324312,37.0360969,https://www.nytimes.com/reuters/2018/09/24/business/24reuters-global-economy-jobs.html,"World Still Waiting for Wages Boost Despite Stronger Economy-Hays",https://texasperformingarts.org/sites/files/tpa/tpa_news_images/new-york-times-logo.jpg,-0.21172099507429004
-80.1917902,25.7616798,https://www.nytimes.com/aponline/2018/09/24/sports/ncaafootball/ap-fbc-t25-ap-top-25-heat-check.html,"AP Top 25 Heat Check: Basketball Schools Storm Football Poll",https://texasperformingarts.org/sites/files/tpa/tpa_news_images/new-york-times-logo.jpg,-0.13506231201787183
-99.133208,19.4326077,https://www.nytimes.com/reuters/2018/09/24/world/americas/24reuters-global-drugs-presidents.html,"Regulate: Ex-World Leaders' Solution to 'Failed' Drug War",https://texasperformingarts.org/sites/files/tpa/tpa_news_images/new-york-times-logo.jpg,-0.3718893971319851
15.2551187,54.5259614,https://www.nytimes.com/reuters/2018/09/24/business/24reuters-global-economy-jobs.html,"World Still Waiting for Wages Boost Despite Stronger Economy-Hays",https://texasperformingarts.org/sites/files/tpa/tpa_news_images/new-york-times-logo.jpg,-0.21172099507429004
-73.9992357,40.72803100000001,https://www.nytimes.com/reuters/2018/09/24/business/24reuters-usa-trade-china-whitepaper.html,"China to Issue White Paper on U.S. Trade Frictions-Xinhua",https://texasperformingarts.org/sites/files/tpa/tpa_news_images/new-york-times-logo.jpg,-0.04230727319369465
-75.7128606,45.42842539999999,https://www.nytimes.com/aponline/2018/09/24/world/asia/ap-as-singapore-uber.html,"Singapore Fines Uber, Grab for 'Anti-Competitive' Merger",https://texasperformingarts.org/sites/files/tpa/tpa_news_images/new-york-times-logo.jpg,-0.12089925671789153
-122.0022691,37.9545885,https://www.nytimes.com/aponline/2018/09/24/sports/ncaafootball/ap-fbc-t25-ap-top-25-heat-check.html,"AP Top 25 Heat Check: Basketball Schools Storm Football Poll",https://texasperformingarts.org/sites/files/tpa/tpa_news_images/new-york-times-logo.jpg,-0.13506231201787183
-3.74922,40.46366700000001,https://www.nytimes.com/reuters/2018/09/24/business/24reuters-global-economy-jobs.html,"World Still Waiting for Wages Boost Despite Stronger Economy-Hays",https://texasperformingarts.org/sites/files/tpa/tpa_news_images/new-york-times-logo.jpg,-0.21172099507429004
-122.4434795,37.78854159999999,https://www.nytimes.com/aponline/2018/09/24/world/asia/ap-as-singapore-uber.html,"Singapore Fines Uber, Grab for 'Anti-Competitive' Merger",https://texasperformingarts.org/sites/files/tpa/tpa_news_images/new-york-times-logo.jpg,-0.12089925671789153
-95.712891,37.09024,https://www.nytimes.com/reuters/2018/09/24/business/24reuters-asia-oil-appec-unipec.html,"World Oil Demand, Refining Growth to Peak in 2035-Unipec",https://texasperformingarts.org/sites/files/tpa/tpa_news_images/new-york-times-logo.jpg,-0.17057192629996887
-89.3340423,31.3300115,https://www.nytimes.com/aponline/2018/09/24/sports/ncaafootball/ap-fbc-t25-ap-top-25-heat-check.html,"AP Top 25 Heat Check: Basketball Schools Storm Football Poll",https://texasperformingarts.org/sites/files/tpa/tpa_news_images/new-york-times-logo.jpg,-0.13506231201787183
-122.3482945,47.5696997,https://www.nytimes.com/aponline/2018/09/24/sports/ncaafootball/ap-fbc-t25-ap-top-25-heat-check.html,"AP Top 25 Heat Check: Basketball Schools Storm Football Poll",https://texasperformingarts.org/sites/files/tpa/tpa_news_images/new-york-times-logo.jpg,-0.13506231201787183
-80.2780272,36.1338933,https://www.nytimes.com/aponline/2018/09/24/sports/ncaafootball/ap-fbc-t25-ap-top-25-heat-check.html,"AP Top 25 Heat Check: Basketball Schools Storm Football Poll",https://texasperformingarts.org/sites/files/tpa/tpa_news_images/new-york-times-logo.jpg,-0.13506231201787183
-120.7401385,47.7510741,https://www.nytimes.com/aponline/2018/09/24/us/politics/ap-us-runner-fatally-stabbed-dc.html,"Mother Says Slain Runner to Be Buried in Wedding Dress",https://texasperformingarts.org/sites/files/tpa/tpa_news_images/new-york-times-logo.jpg,-0.35970958306720807
-77.8689215,40.796712,https://www.nytimes.com/aponline/2018/09/24/sports/ncaafootball/ap-fbc-t25-ap-top-25-heat-check.html,"AP Top 25 Heat Check: Basketball Schools Storm Football Poll",https://texasperformingarts.org/sites/files/tpa/tpa_news_images/new-york-times-logo.jpg,-0.13506231201787183
-84.40988999999999,33.794919,https://www.nytimes.com/reuters/2018/09/24/world/americas/24reuters-global-drugs-presidents.html,"Regulate: Ex-World Leaders' Solution to 'Failed' Drug War",https://texasperformingarts.org/sites/files/tpa/tpa_news_images/new-york-times-logo.jpg,-0.3718893971319851
-85.48078249999999,32.6098566,https://www.nytimes.com/aponline/2018/09/24/sports/ncaafootball/ap-fbc-t25-ap-top-25-heat-check.html,"AP Top 25 Heat Check: Basketball Schools Storm Football Poll",https://texasperformingarts.org/sites/files/tpa/tpa_news_images/new-york-times-logo.jpg,-0.13506231201787183
-84.40988999999999,33.794919,https://www.nytimes.com/aponline/2018/09/24/world/europe/ap-eu-britain-buckingham-palace-arrest.html,"Man Arrested With Small Taser at Buckingham Palace Set Free",https://texasperformingarts.org/sites/files/tpa/tpa_news_images/new-york-times-logo.jpg,-0.35947068101352264
-88.28269999999999,41.879916,https://www.nytimes.com/aponline/2018/09/24/sports/ncaafootball/ap-fbc-t25-ap-top-25-heat-check.html,"AP Top 25 Heat Check: Basketball Schools Storm Football Poll",https://texasperformingarts.org/sites/files/tpa/tpa_news_images/new-york-times-logo.jpg,-0.13506231201787183
-94.81059549999999,37.45579900000001,https://www.nytimes.com/aponline/2018/09/24/us/politics/ap-us-runner-fatally-stabbed-dc.html,"Mother Says Slain Runner to Be Buried in Wedding Dress",https://texasperformingarts.org/sites/files/tpa/tpa_news_images/new-york-times-logo.jpg,-0.35970958306720807
42.5509603,29.2985278,https://www.nytimes.com/reuters/2018/09/24/business/24reuters-asia-oil-appec-unipec.html,"World Oil Demand, Refining Growth to Peak in 2035-Unipec",https://texasperformingarts.org/sites/files/tpa/tpa_news_images/new-york-times-logo.jpg,-0.17057192629996887
-118.1267742,34.0946928,https://www.nytimes.com/aponline/2018/09/24/world/asia/ap-as-singapore-uber.html,"Singapore Fines Uber, Grab for 'Anti-Competitive' Merger",https://texasperformingarts.org/sites/files/tpa/tpa_news_images/new-york-times-logo.jpg,-0.12089925671789153
-84.4821719,42.701848,https://www.nytimes.com/aponline/2018/09/24/sports/ncaafootball/ap-fbc-t25-ap-top-25-heat-check.html,"AP Top 25 Heat Check: Basketball Schools Storm Football Poll",https://texasperformingarts.org/sites/files/tpa/tpa_news_images/new-york-times-logo.jpg,-0.13506231201787183
-86.172552,39.768469,https://www.nytimes.com/aponline/2018/09/24/sports/ncaafootball/ap-fbc-t25-ap-top-25-heat-check.html,"AP Top 25 Heat Check: Basketball Schools Storm Football Poll",https://texasperformingarts.org/sites/files/tpa/tpa_news_images/new-york-times-logo.jpg,-0.13506231201787183
-73.70331,41.871517,https://www.nytimes.com/aponline/2018/09/24/sports/ncaafootball/ap-fbc-t25-ap-top-25-heat-check.html,"AP Top 25 Heat Check: Basketball Schools Storm Football Poll",https://texasperformingarts.org/sites/files/tpa/tpa_news_images/new-york-times-logo.jpg,-0.13506231201787183
51.3889736,35.6891975,https://www.nytimes.com/reuters/2018/09/24/business/24reuters-asia-oil-appec-unipec.html,"World Oil Demand, Refining Growth to Peak in 2035-Unipec",https://texasperformingarts.org/sites/files/tpa/tpa_news_images/new-york-times-logo.jpg,-0.17057192629996887
-95.2968538,37.1925935,https://www.nytimes.com/aponline/2018/09/24/world/europe/ap-eu-britain-buckingham-palace-arrest.html,"Man Arrested With Small Taser at Buckingham Palace Set Free",https://texasperformingarts.org/sites/files/tpa/tpa_news_images/new-york-times-logo.jpg,-0.35947068101352264
-92.0198427,30.2240897,https://www.nytimes.com/aponline/2018/09/24/sports/ncaafootball/ap-fbc-t25-ap-top-25-heat-check.html,"AP Top 25 Heat Check: Basketball Schools Storm Football Poll",https://texasperformingarts.org/sites/files/tpa/tpa_news_images/new-york-times-logo.jpg,-0.13506231201787183
-95.9394313,36.1182276,https://www.nytimes.com/aponline/2018/09/24/us/politics/ap-us-runner-fatally-stabbed-dc.html,"Mother Says Slain Runner to Be Buried in Wedding Dress",https://texasperformingarts.org/sites/files/tpa/tpa_news_images/new-york-times-logo.jpg,-0.35970958306720807
8.227511999999999,46.818188,https://www.nytimes.com/reuters/2018/09/24/world/americas/24reuters-global-drugs-presidents.html,"Regulate: Ex-World Leaders' Solution to 'Failed' Drug War",https://texasperformingarts.org/sites/files/tpa/tpa_news_images/new-york-times-logo.jpg,-0.3718893971319851
53.688046,32.427908,https://www.nytimes.com/reuters/2018/09/24/business/24reuters-asia-oil-appec-unipec.html,"World Oil Demand, Refining Growth to Peak in 2035-Unipec",https://texasperformingarts.org/sites/files/tpa/tpa_news_images/new-york-times-logo.jpg,-0.17057192629996887
-117.6375482,33.5466388,https://www.nytimes.com/reuters/2018/09/24/business/24reuters-global-economy-jobs.html,"World Still Waiting for Wages Boost Despite Stronger Economy-Hays",https://texasperformingarts.org/sites/files/tpa/tpa_news_images/new-york-times-logo.jpg,-0.21172099507429004
-95.7108344,37.0551459,https://www.nytimes.com/aponline/2018/09/24/sports/ncaafootball/ap-fbc-t25-ap-top-25-heat-check.html,"AP Top 25 Heat Check: Basketball Schools Storm Football Poll",https://texasperformingarts.org/sites/files/tpa/tpa_news_images/new-york-times-logo.jpg,-0.13506231201787183
-122.7984109,45.38114179999999,https://www.nytimes.com/aponline/2018/09/24/sports/ncaafootball/ap-fbc-t25-ap-top-25-heat-check.html,"AP Top 25 Heat Check: Basketball Schools Storm Football Poll",https://texasperformingarts.org/sites/files/tpa/tpa_news_images/new-york-times-logo.jpg,-0.13506231201787183
-79.3915944,43.6495865,https://www.nytimes.com/aponline/2018/09/24/sports/ncaafootball/ap-fbc-t25-ap-top-25-heat-check.html,"AP Top 25 Heat Check: Basketball Schools Storm Football Poll",https://texasperformingarts.org/sites/files/tpa/tpa_news_images/new-york-times-logo.jpg,-0.13506231201787183
-84.40988999999999,33.794919,https://www.nytimes.com/aponline/2018/09/24/world/asia/ap-as-singapore-uber.html,"Singapore Fines Uber, Grab for 'Anti-Competitive' Merger",https://texasperformingarts.org/sites/files/tpa/tpa_news_images/new-york-times-logo.jpg,-0.12089925671789153
-95.9921756,36.1538911,https://www.nytimes.com/reuters/2018/09/24/business/24reuters-bis-markets-zombie.html,"Low Interest Rates Spawn Rise in Number of Zombie Firms-BIS",https://texasperformingarts.org/sites/files/tpa/tpa_news_images/new-york-times-logo.jpg,-0.30178034375529184
-95.712891,37.09024,https://www.nytimes.com/reuters/2018/09/24/business/24reuters-global-economy-jobs.html,"World Still Waiting for Wages Boost Despite Stronger Economy-Hays",https://texasperformingarts.org/sites/files/tpa/tpa_news_images/new-york-times-logo.jpg,-0.21172099507429004
-95.93586390000002,36.762752,https://www.nytimes.com/aponline/2018/09/24/sports/ncaafootball/ap-fbc-t25-ap-top-25-heat-check.html,"AP Top 25 Heat Check: Basketball Schools Storm Football Poll",https://texasperformingarts.org/sites/files/tpa/tpa_news_images/new-york-times-logo.jpg,-0.13506231201787183
-95.00719509999999,29.9954099,https://www.nytimes.com/aponline/2018/09/24/sports/ncaafootball/ap-fbc-t25-ap-top-25-heat-check.html,"AP Top 25 Heat Check: Basketball Schools Storm Football Poll",https://texasperformingarts.org/sites/files/tpa/tpa_news_images/new-york-times-logo.jpg,-0.13506231201787183
-95.2968538,37.1925935,https://www.nytimes.com/aponline/2018/09/24/us/politics/ap-us-runner-fatally-stabbed-dc.html,"Mother Says Slain Runner to Be Buried in Wedding Dress",https://texasperformingarts.org/sites/files/tpa/tpa_news_images/new-york-times-logo.jpg,-0.35970958306720807
-95.4628465,29.7338536,https://www.nytimes.com/reuters/2018/09/24/business/24reuters-asia-oil-appec-unipec.html,"World Oil Demand, Refining Growth to Peak in 2035-Unipec",https://texasperformingarts.org/sites/files/tpa/tpa_news_images/new-york-times-logo.jpg,-0.17057192629996887
-96.703305,40.810845,https://www.nytimes.com/aponline/2018/09/24/sports/ncaafootball/ap-fbc-t25-ap-top-25-heat-check.html,"AP Top 25 Heat Check: Basketball Schools Storm Football Poll",https://texasperformingarts.org/sites/files/tpa/tpa_news_images/new-york-times-logo.jpg,-0.13506231201787183
104.195397,35.86166,https://www.nytimes.com/reuters/2018/09/24/business/24reuters-global-economy-jobs.html,"World Still Waiting for Wages Boost Despite Stronger Economy-Hays",https://texasperformingarts.org/sites/files/tpa/tpa_news_images/new-york-times-logo.jpg,-0.21172099507429004
-120.7401385,47.7510741,https://www.nytimes.com/aponline/2018/09/24/sports/ncaafootball/ap-fbc-t25-ap-top-25-heat-check.html,"AP Top 25 Heat Check: Basketball Schools Storm Football Poll",https://texasperformingarts.org/sites/files/tpa/tpa_news_images/new-york-times-logo.jpg,-0.13506231201787183
8.627109299999999,50.0812928,https://www.nytimes.com/reuters/2018/09/24/business/24reuters-asia-oil-appec-unipec.html,"World Oil Demand, Refining Growth to Peak in 2035-Unipec",https://texasperformingarts.org/sites/files/tpa/tpa_news_images/new-york-times-logo.jpg,-0.17057192629996887
-95.712891,37.09024,https://www.nytimes.com/reuters/2018/09/24/business/24reuters-usa-trade-china-whitepaper.html,"China to Issue White Paper on U.S. Trade Frictions-Xinhua",https://texasperformingarts.org/sites/files/tpa/tpa_news_images/new-york-times-logo.jpg,-0.04230727319369465
-86.902298,32.3182314,https://www.nytimes.com/aponline/2018/09/24/sports/ncaafootball/ap-fbc-t25-ap-top-25-heat-check.html,"AP Top 25 Heat Check: Basketball Schools Storm Football Poll",https://texasperformingarts.org/sites/files/tpa/tpa_news_images/new-york-times-logo.jpg,-0.13506231201787183
-95.93462939999999,36.7140254,https://www.nytimes.com/aponline/2018/09/24/sports/ncaafootball/ap-fbc-t25-ap-top-25-heat-check.html,"AP Top 25 Heat Check: Basketball Schools Storm Football Poll",https://texasperformingarts.org/sites/files/tpa/tpa_news_images/new-york-times-logo.jpg,-0.13506231201787183
-94.5168725,37.0812505,https://www.nytimes.com/reuters/2018/09/24/world/americas/24reuters-global-drugs-presidents.html,"Regulate: Ex-World Leaders' Solution to 'Failed' Drug War",https://texasperformingarts.org/sites/files/tpa/tpa_news_images/new-york-times-logo.jpg,-0.3718893971319851
-95.3315449,36.3058226,https://www.nytimes.com/aponline/2018/09/24/sports/ncaafootball/ap-fbc-t25-ap-top-25-heat-check.html,"AP Top 25 Heat Check: Basketball Schools Storm Football Poll",https://texasperformingarts.org/sites/files/tpa/tpa_news_images/new-york-times-logo.jpg,-0.13506231201787183
-118.1318266,34.1427122,https://www.nytimes.com/reuters/2018/09/24/business/24reuters-asia-oil-appec-unipec.html,"World Oil Demand, Refining Growth to Peak in 2035-Unipec",https://texasperformingarts.org/sites/files/tpa/tpa_news_images/new-york-times-logo.jpg,-0.17057192629996887
-73.9702428,40.7512835,https://www.nytimes.com/reuters/2018/09/24/world/americas/24reuters-global-drugs-presidents.html,"Regulate: Ex-World Leaders' Solution to 'Failed' Drug War",https://texasperformingarts.org/sites/files/tpa/tpa_news_images/new-york-times-logo.jpg,-0.3718893971319851
-91.5274281,41.6428892,https://www.nytimes.com/aponline/2018/09/24/sports/ncaafootball/ap-fbc-t25-ap-top-25-heat-check.html,"AP Top 25 Heat Check: Basketball Schools Storm Football Poll",https://texasperformingarts.org/sites/files/tpa/tpa_news_images/new-york-times-logo.jpg,-0.13506231201787183
-93.4707923,46.138011,https://www.nytimes.com/reuters/2018/09/24/business/24reuters-lng-tanker-arrival.html,"LNG Tanker Ougarta Set to Arrive at UK's Isle of Grain on Sept. 27",https://texasperformingarts.org/sites/files/tpa/tpa_news_images/new-york-times-logo.jpg,0.0
-95.309558,36.281593,https://www.nytimes.com/aponline/2018/09/24/sports/ncaafootball/ap-fbc-t25-ap-top-25-heat-check.html,"AP Top 25 Heat Check: Basketball Schools Storm Football Poll",https://texasperformingarts.org/sites/files/tpa/tpa_news_images/new-york-times-logo.jpg,-0.13506231201787183
-95.9346583,36.7849213,https://www.nytimes.com/reuters/2018/09/24/business/24reuters-global-economy-jobs.html,"World Still Waiting for Wages Boost Despite Stronger Economy-Hays",https://texasperformingarts.org/sites/files/tpa/tpa_news_images/new-york-times-logo.jpg,-0.21172099507429004
-119.4179324,36.778261,https://www.nytimes.com/aponline/2018/09/24/sports/ncaafootball/ap-fbc-t25-ap-top-25-heat-check.html,"AP Top 25 Heat Check: Basketball Schools Storm Football Poll",https://texasperformingarts.org/sites/files/tpa/tpa_news_images/new-york-times-logo.jpg,-0.13506231201787183
-3.435973,55.378051,https://www.nytimes.com/reuters/2018/09/24/business/24reuters-lng-tanker-arrival.html,"LNG Tanker Ougarta Set to Arrive at UK's Isle of Grain on Sept. 27",https://texasperformingarts.org/sites/files/tpa/tpa_news_images/new-york-times-logo.jpg,0.0
-77.04439289999999,38.8999959,https://www.nytimes.com/reuters/2018/09/24/business/24reuters-lng-tanker-arrival.html,"LNG Tanker Ougarta Set to Arrive at UK's Isle of Grain on Sept. 27",https://texasperformingarts.org/sites/files/tpa/tpa_news_images/new-york-times-logo.jpg,0.0
-111.898456,33.648241,https://www.nytimes.com/aponline/2018/09/24/world/europe/ap-eu-britain-buckingham-palace-arrest.html,"Man Arrested With Small Taser at Buckingham Palace Set Free",https://texasperformingarts.org/sites/files/tpa/tpa_news_images/new-york-times-logo.jpg,-0.35947068101352264
-74.297333,4.570868,https://www.nytimes.com/reuters/2018/09/24/world/americas/24reuters-global-drugs-presidents.html,"Regulate: Ex-World Leaders' Solution to 'Failed' Drug War",https://texasperformingarts.org/sites/files/tpa/tpa_news_images/new-york-times-logo.jpg,-0.3718893971319851
-78.6568942,37.4315734,https://www.nytimes.com/aponline/2018/09/24/sports/ncaafootball/ap-fbc-t25-ap-top-25-heat-check.html,"AP Top 25 Heat Check: Basketball Schools Storm Football Poll",https://texasperformingarts.org/sites/files/tpa/tpa_news_images/new-york-times-logo.jpg,-0.13506231201787183
-95.45322089999999,37.6421708,https://www.nytimes.com/aponline/2018/09/24/sports/ncaafootball/ap-fbc-t25-ap-top-25-heat-check.html,"AP Top 25 Heat Check: Basketball Schools Storm Football Poll",https://texasperformingarts.org/sites/files/tpa/tpa_news_images/new-york-times-logo.jpg,-0.13506231201787183
-95.9215491,36.0328805,https://www.nytimes.com/aponline/2018/09/24/sports/ncaafootball/ap-fbc-t25-ap-top-25-heat-check.html,"AP Top 25 Heat Check: Basketball Schools Storm Football Poll",https://texasperformingarts.org/sites/files/tpa/tpa_news_images/new-york-times-logo.jpg,-0.13506231201787183
-95.0865147,37.0366896,https://www.nytimes.com/reuters/2018/09/24/world/americas/24reuters-global-drugs-presidents.html,"Regulate: Ex-World Leaders' Solution to 'Failed' Drug War",https://texasperformingarts.org/sites/files/tpa/tpa_news_images/new-york-times-logo.jpg,-0.3718893971319851
-80.4549026,38.5976262,https://www.nytimes.com/aponline/2018/09/24/sports/ncaafootball/ap-fbc-t25-ap-top-25-heat-check.html,"AP Top 25 Heat Check: Basketball Schools Storm Football Poll",https://texasperformingarts.org/sites/files/tpa/tpa_news_images/new-york-times-logo.jpg,-0.13506231201787183
-111.6493156,40.2518435,https://www.nytimes.com/aponline/2018/09/24/sports/ncaafootball/ap-fbc-t25-ap-top-25-heat-check.html,"AP Top 25 Heat Check: Basketball Schools Storm Football Poll",https://texasperformingarts.org/sites/files/tpa/tpa_news_images/new-york-times-logo.jpg,-0.13506231201787183
-95.3395003,29.0495225,https://www.nytimes.com/reuters/2018/09/24/business/24reuters-asia-oil-appec-unipec.html,"World Oil Demand, Refining Growth to Peak in 2035-Unipec",https://texasperformingarts.org/sites/files/tpa/tpa_news_images/new-york-times-logo.jpg,-0.17057192629996887
-95.917296,36.804618,https://www.nytimes.com/aponline/2018/09/24/sports/ncaafootball/ap-fbc-t25-ap-top-25-heat-check.html,"AP Top 25 Heat Check: Basketball Schools Storm Football Poll",https://texasperformingarts.org/sites/files/tpa/tpa_news_images/new-york-times-logo.jpg,-0.13506231201787183
-95.7075212,37.2366519,https://www.nytimes.com/aponline/2018/09/24/sports/ncaafootball/ap-fbc-t25-ap-top-25-heat-check.html,"AP Top 25 Heat Check: Basketball Schools Storm Football Poll",https://texasperformingarts.org/sites/files/tpa/tpa_news_images/new-york-times-logo.jpg,-0.13506231201787183
-120.7401385,47.7510741,https://www.nytimes.com/reuters/2018/09/24/business/24reuters-asia-oil-appec-unipec.html,"World Oil Demand, Refining Growth to Peak in 2035-Unipec",https://texasperformingarts.org/sites/files/tpa/tpa_news_images/new-york-times-logo.jpg,-0.17057192629996887
-94.5168725,37.0812505,https://www.nytimes.com/reuters/2018/09/24/business/24reuters-bis-markets-zombie.html,"Low Interest Rates Spawn Rise in Number of Zombie Firms-BIS",https://texasperformingarts.org/sites/files/tpa/tpa_news_images/new-york-times-logo.jpg,-0.30178034375529184
-94.21039929999999,30.2442208,https://www.nytimes.com/reuters/2018/09/24/world/americas/24reuters-global-drugs-presidents.html,"Regulate: Ex-World Leaders' Solution to 'Failed' Drug War",https://texasperformingarts.org/sites/files/tpa/tpa_news_images/new-york-times-logo.jpg,-0.3718893971319851
-95.6893636,38.2394607,https://www.nytimes.com/reuters/2018/09/24/world/americas/24reuters-global-drugs-presidents.html,"Regulate: Ex-World Leaders' Solution to 'Failed' Drug War",https://texasperformingarts.org/sites/files/tpa/tpa_news_images/new-york-times-logo.jpg,-0.3718893971319851
-95.8554376,40.6778469,https://www.nytimes.com/aponline/2018/09/24/sports/ncaafootball/ap-fbc-t25-ap-top-25-heat-check.html,"AP Top 25 Heat Check: Basketball Schools Storm Football Poll",https://texasperformingarts.org/sites/files/tpa/tpa_news_images/new-york-times-logo.jpg,-0.13506231201787183
-96.55919100000001,39.18427,https://www.nytimes.com/aponline/2018/09/24/sports/ncaafootball/ap-fbc-t25-ap-top-25-heat-check.html,"AP Top 25 Heat Check: Basketball Schools Storm Football Poll",https://texasperformingarts.org/sites/files/tpa/tpa_news_images/new-york-times-logo.jpg,-0.13506231201787183
-95.547198,37.2681531,https://www.nytimes.com/aponline/2018/09/24/sports/ncaafootball/ap-fbc-t25-ap-top-25-heat-check.html,"AP Top 25 Heat Check: Basketball Schools Storm Football Poll",https://texasperformingarts.org/sites/files/tpa/tpa_news_images/new-york-times-logo.jpg,-0.13506231201787183
-95.8365699,37.1249421,https://www.nytimes.com/aponline/2018/09/24/sports/ncaafootball/ap-fbc-t25-ap-top-25-heat-check.html,"AP Top 25 Heat Check: Basketball Schools Storm Football Poll",https://texasperformingarts.org/sites/files/tpa/tpa_news_images/new-york-times-logo.jpg,-0.13506231201787183
-88.7878678,43.7844397,https://www.nytimes.com/aponline/2018/09/24/sports/ncaafootball/ap-fbc-t25-ap-top-25-heat-check.html,"AP Top 25 Heat Check: Basketball Schools Storm Football Poll",https://texasperformingarts.org/sites/files/tpa/tpa_news_images/new-york-times-logo.jpg,-0.13506231201787183
-91.8318334,35.20105,https://www.nytimes.com/aponline/2018/09/24/sports/ncaafootball/ap-fbc-t25-ap-top-25-heat-check.html,"AP Top 25 Heat Check: Basketball Schools Storm Football Poll",https://texasperformingarts.org/sites/files/tpa/tpa_news_images/new-york-times-logo.jpg,-0.13506231201787183
-76.14742439999999,43.0481221,https://www.nytimes.com/aponline/2018/09/24/sports/ncaafootball/ap-fbc-t25-ap-top-25-heat-check.html,"AP Top 25 Heat Check: Basketball Schools Storm Football Poll",https://texasperformingarts.org/sites/files/tpa/tpa_news_images/new-york-times-logo.jpg,-0.13506231201787183
-95.7186,37.1819689,https://www.nytimes.com/aponline/2018/09/24/sports/ncaafootball/ap-fbc-t25-ap-top-25-heat-check.html,"AP Top 25 Heat Check: Basketball Schools Storm Football Poll",https://texasperformingarts.org/sites/files/tpa/tpa_news_images/new-york-times-logo.jpg,-0.13506231201787183
-95.9926189,36.1515074,https://www.nytimes.com/aponline/2018/09/24/sports/ncaafootball/ap-fbc-t25-ap-top-25-heat-check.html,"AP Top 25 Heat Check: Basketball Schools Storm Football Poll",https://texasperformingarts.org/sites/files/tpa/tpa_news_images/new-york-times-logo.jpg,-0.13506231201787183
-95.62739719999999,37.0421218,https://www.nytimes.com/aponline/2018/09/24/sports/ncaafootball/ap-fbc-t25-ap-top-25-heat-check.html,"AP Top 25 Heat Check: Basketball Schools Storm Football Poll",https://texasperformingarts.org/sites/files/tpa/tpa_news_images/new-york-times-logo.jpg,-0.13506231201787183
-81.2000599,28.6024274,https://www.nytimes.com/aponline/2018/09/24/sports/ncaafootball/ap-fbc-t25-ap-top-25-heat-check.html,"AP Top 25 Heat Check: Basketball Schools Storm Football Poll",https://texasperformingarts.org/sites/files/tpa/tpa_news_images/new-york-times-logo.jpg,-0.13506231201787183
-76.64127119999999,39.0457549,https://www.nytimes.com/aponline/2018/09/24/sports/ncaafootball/ap-fbc-t25-ap-top-25-heat-check.html,"AP Top 25 Heat Check: Basketball Schools Storm Football Poll",https://texasperformingarts.org/sites/files/tpa/tpa_news_images/new-york-times-logo.jpg,-0.13506231201787183
-95.7476213,36.1803735,https://www.nytimes.com/aponline/2018/09/24/sports/ncaafootball/ap-fbc-t25-ap-top-25-heat-check.html,"AP Top 25 Heat Check: Basketball Schools Storm Football Poll",https://texasperformingarts.org/sites/files/tpa/tpa_news_images/new-york-times-logo.jpg,-0.13506231201787183
-94.5168725,37.0812505,https://www.nytimes.com/reuters/2018/09/24/business/24reuters-global-economy-jobs.html,"World Still Waiting for Wages Boost Despite Stronger Economy-Hays",https://texasperformingarts.org/sites/files/tpa/tpa_news_images/new-york-times-logo.jpg,-0.21172099507429004
-95.82001,36.3578208,https://www.nytimes.com/reuters/2018/09/24/world/americas/24reuters-global-drugs-presidents.html,"Regulate: Ex-World Leaders' Solution to 'Failed' Drug War",https://texasperformingarts.org/sites/files/tpa/tpa_news_images/new-york-times-logo.jpg,-0.3718893971319851
-91.1800023,30.4132579,https://www.nytimes.com/aponline/2018/09/24/sports/ncaafootball/ap-fbc-t25-ap-top-25-heat-check.html,"AP Top 25 Heat Check: Basketball Schools Storm Football Poll",https://texasperformingarts.org/sites/files/tpa/tpa_news_images/new-york-times-logo.jpg,-0.13506231201787183
-95.9313066,36.7454121,https://www.nytimes.com/aponline/2018/09/24/sports/ncaafootball/ap-fbc-t25-ap-top-25-heat-check.html,"AP Top 25 Heat Check: Basketball Schools Storm Football Poll",https://texasperformingarts.org/sites/files/tpa/tpa_news_images/new-york-times-logo.jpg,-0.13506231201787183
-86.2353388,41.7055716,https://www.nytimes.com/aponline/2018/09/24/sports/ncaafootball/ap-fbc-t25-ap-top-25-heat-check.html,"AP Top 25 Heat Check: Basketball Schools Storm Football Poll",https://texasperformingarts.org/sites/files/tpa/tpa_news_images/new-york-times-logo.jpg,-0.13506231201787183
-97.637694,35.461422,https://www.nytimes.com/aponline/2018/09/24/sports/ncaafootball/ap-fbc-t25-ap-top-25-heat-check.html,"AP Top 25 Heat Check: Basketball Schools Storm Football Poll",https://texasperformingarts.org/sites/files/tpa/tpa_news_images/new-york-times-logo.jpg,-0.13506231201787183
-94.6039651,39.0681992,https://www.nytimes.com/aponline/2018/09/24/sports/ncaafootball/ap-fbc-t25-ap-top-25-heat-check.html,"AP Top 25 Heat Check: Basketball Schools Storm Football Poll",https://texasperformingarts.org/sites/files/tpa/tpa_news_images/new-york-times-logo.jpg,-0.13506231201787183
-82.9000751,32.1656221,https://www.nytimes.com/aponline/2018/09/24/sports/ncaafootball/ap-fbc-t25-ap-top-25-heat-check.html,"AP Top 25 Heat Check: Basketball Schools Storm Football Poll",https://texasperformingarts.org/sites/files/tpa/tpa_news_images/new-york-times-logo.jpg,-0.13506231201787183
-122.0451436,38.0093892,https://www.nytimes.com/aponline/2018/09/24/sports/ncaafootball/ap-fbc-t25-ap-top-25-heat-check.html,"AP Top 25 Heat Check: Basketball Schools Storm Football Poll",https://texasperformingarts.org/sites/files/tpa/tpa_news_images/new-york-times-logo.jpg,-0.13506231201787183
-84.40988999999999,33.794919,https://www.nytimes.com/reuters/2018/09/24/business/24reuters-lng-tanker-arrival.html,"LNG Tanker Ougarta Set to Arrive at UK's Isle of Grain on Sept. 27",https://texasperformingarts.org/sites/files/tpa/tpa_news_images/new-york-times-logo.jpg,0.0
-0.1277583,51.5073509,https://www.nytimes.com/reuters/2018/09/24/business/24reuters-global-economy-jobs.html,"World Still Waiting for Wages Boost Despite Stronger Economy-Hays",https://texasperformingarts.org/sites/files/tpa/tpa_news_images/new-york-times-logo.jpg,-0.21172099507429004
-93.8037971,41.5691327,https://www.nytimes.com/reuters/2018/09/24/business/24reuters-bis-markets-zombie.html,"Low Interest Rates Spawn Rise in Number of Zombie Firms-BIS",https://texasperformingarts.org/sites/files/tpa/tpa_news_images/new-york-times-logo.jpg,-0.30178034375529184
-95.9926189,36.1515074,https://www.nytimes.com/reuters/2018/09/24/business/24reuters-asia-oil-appec-unipec.html,"World Oil Demand, Refining Growth to Peak in 2035-Unipec",https://texasperformingarts.org/sites/files/tpa/tpa_news_images/new-york-times-logo.jpg,-0.17057192629996887
-84.3390584,34.0529793,https://www.nytimes.com/reuters/2018/09/24/business/24reuters-bis-markets-zombie.html,"Low Interest Rates Spawn Rise in Number of Zombie Firms-BIS",https://texasperformingarts.org/sites/files/tpa/tpa_news_images/new-york-times-logo.jpg,-0.30178034375529184
-75.1932137,39.9522188,https://www.nytimes.com/aponline/2018/09/24/sports/ncaafootball/ap-fbc-t25-ap-top-25-heat-check.html,"AP Top 25 Heat Check: Basketball Schools Storm Football Poll",https://texasperformingarts.org/sites/files/tpa/tpa_news_images/new-york-times-logo.jpg,-0.13506231201787183
138.252924,36.204824,https://www.nytimes.com/reuters/2018/09/24/business/24reuters-global-economy-jobs.html,"World Still Waiting for Wages Boost Despite Stronger Economy-Hays",https://texasperformingarts.org/sites/files/tpa/tpa_news_images/new-york-times-logo.jpg,-0.21172099507429004
-0.1277583,51.5073509,https://www.nytimes.com/aponline/2018/09/24/world/europe/ap-eu-britain-buckingham-palace-arrest.html,"Man Arrested With Small Taser at Buckingham Palace Set Free",https://texasperformingarts.org/sites/files/tpa/tpa_news_images/new-york-times-logo.jpg,-0.35947068101352264
-118.3763861,34.0492305,https://www.nytimes.com/aponline/2018/09/24/world/europe/ap-eu-britain-buckingham-palace-arrest.html,"Man Arrested With Small Taser at Buckingham Palace Set Free",https://texasperformingarts.org/sites/files/tpa/tpa_news_images/new-york-times-logo.jpg,-0.35947068101352264
-77.0813668,38.940111,https://www.nytimes.com/aponline/2018/09/24/us/politics/ap-us-runner-fatally-stabbed-dc.html,"Mother Says Slain Runner to Be Buried in Wedding Dress",https://texasperformingarts.org/sites/files/tpa/tpa_news_images/new-york-times-logo.jpg,-0.35970958306720807
-95.4091639,37.2053391,https://www.nytimes.com/aponline/2018/09/24/sports/ncaafootball/ap-fbc-t25-ap-top-25-heat-check.html,"AP Top 25 Heat Check: Basketball Schools Storm Football Poll",https://texasperformingarts.org/sites/files/tpa/tpa_news_images/new-york-times-logo.jpg,-0.13506231201787183
104.990963,12.565679,https://www.nytimes.com/aponline/2018/09/24/world/asia/ap-as-singapore-uber.html,"Singapore Fines Uber, Grab for 'Anti-Competitive' Merger",https://texasperformingarts.org/sites/files/tpa/tpa_news_images/new-york-times-logo.jpg,-0.12089925671789153
-101.8782822,33.5842591,https://www.nytimes.com/aponline/2018/09/24/sports/ncaafootball/ap-fbc-t25-ap-top-25-heat-check.html,"AP Top 25 Heat Check: Basketball Schools Storm Football Poll",https://texasperformingarts.org/sites/files/tpa/tpa_news_images/new-york-times-logo.jpg,-0.13506231201787183
-97.3569737,32.7490442,https://www.nytimes.com/aponline/2018/09/24/sports/ncaafootball/ap-fbc-t25-ap-top-25-heat-check.html,"AP Top 25 Heat Check: Basketball Schools Storm Football Poll",https://texasperformingarts.org/sites/files/tpa/tpa_news_images/new-york-times-logo.jpg,-0.13506231201787183
-95.2637185,37.3409196,https://www.nytimes.com/reuters/2018/09/24/business/24reuters-bis-markets-zombie.html,"Low Interest Rates Spawn Rise in Number of Zombie Firms-BIS",https://texasperformingarts.org/sites/files/tpa/tpa_news_images/new-york-times-logo.jpg,-0.30178034375529184
-95.94868679999999,36.74255000000001,https://www.nytimes.com/aponline/2018/09/24/sports/ncaafootball/ap-fbc-t25-ap-top-25-heat-check.html,"AP Top 25 Heat Check: Basketball Schools Storm Football Poll",https://texasperformingarts.org/sites/files/tpa/tpa_news_images/new-york-times-logo.jpg,-0.13506231201787183
-95.70891300000001,36.447543,https://www.nytimes.com/reuters/2018/09/24/business/24reuters-global-economy-jobs.html,"World Still Waiting for Wages Boost Despite Stronger Economy-Hays",https://texasperformingarts.org/sites/files/tpa/tpa_news_images/new-york-times-logo.jpg,-0.21172099507429004
-94.59329559999999,39.0415591,https://www.nytimes.com/reuters/2018/09/24/business/24reuters-bis-markets-zombie.html,"Low Interest Rates Spawn Rise in Number of Zombie Firms-BIS",https://texasperformingarts.org/sites/files/tpa/tpa_news_images/new-york-times-logo.jpg,-0.30178034375529184
-106.346771,56.130366,https://www.nytimes.com/reuters/2018/09/24/world/americas/24reuters-global-drugs-presidents.html,"Regulate: Ex-World Leaders' Solution to 'Failed' Drug War",https://texasperformingarts.org/sites/files/tpa/tpa_news_images/new-york-times-logo.jpg,-0.3718893971319851
-83.6300826,41.3797788,https://www.nytimes.com/aponline/2018/09/24/sports/ncaafootball/ap-fbc-t25-ap-top-25-heat-check.html,"AP Top 25 Heat Check: Basketball Schools Storm Football Poll",https://texasperformingarts.org/sites/files/tpa/tpa_news_images/new-york-times-logo.jpg,-0.13506231201787183
-97.78091130000001,30.265349,https://www.nytimes.com/aponline/2018/09/24/sports/ncaafootball/ap-fbc-t25-ap-top-25-heat-check.html,"AP Top 25 Heat Check: Basketball Schools Storm Football Poll",https://texasperformingarts.org/sites/files/tpa/tpa_news_images/new-york-times-logo.jpg,-0.13506231201787183
-102.552784,23.634501,https://www.nytimes.com/reuters/2018/09/24/world/americas/24reuters-global-drugs-presidents.html,"Regulate: Ex-World Leaders' Solution to 'Failed' Drug War",https://texasperformingarts.org/sites/files/tpa/tpa_news_images/new-york-times-logo.jpg,-0.3718893971319851
-84.40988999999999,33.794919,https://www.nytimes.com/reuters/2018/09/24/business/24reuters-usa-trade-china-whitepaper.html,"China to Issue White Paper on U.S. Trade Frictions-Xinhua",https://texasperformingarts.org/sites/files/tpa/tpa_news_images/new-york-times-logo.jpg,-0.04230727319369465
-95.712891,37.09024,https://www.nytimes.com/reuters/2018/09/24/world/americas/24reuters-global-drugs-presidents.html,"Regulate: Ex-World Leaders' Solution to 'Failed' Drug War",https://texasperformingarts.org/sites/files/tpa/tpa_news_images/new-york-times-logo.jpg,-0.3718893971319851
-95.63418539999999,36.2866453,https://www.nytimes.com/aponline/2018/09/24/sports/ncaafootball/ap-fbc-t25-ap-top-25-heat-check.html,"AP Top 25 Heat Check: Basketball Schools Storm Football Poll",https://texasperformingarts.org/sites/files/tpa/tpa_news_images/new-york-times-logo.jpg,-0.13506231201787183
-77.0455958,38.913843,https://www.nytimes.com/aponline/2018/09/24/sports/ncaafootball/ap-fbc-t25-ap-top-25-heat-check.html,"AP Top 25 Heat Check: Basketball Schools Storm Football Poll",https://texasperformingarts.org/sites/files/tpa/tpa_news_images/new-york-times-logo.jpg,-0.13506231201787183
45.079162,23.885942,https://www.nytimes.com/reuters/2018/09/24/business/24reuters-asia-oil-appec-unipec.html,"World Oil Demand, Refining Growth to Peak in 2035-Unipec",https://texasperformingarts.org/sites/files/tpa/tpa_news_images/new-york-times-logo.jpg,-0.17057192629996887
-94.6858998,46.729553,https://www.nytimes.com/aponline/2018/09/24/sports/ncaafootball/ap-fbc-t25-ap-top-25-heat-check.html,"AP Top 25 Heat Check: Basketball Schools Storm Football Poll",https://texasperformingarts.org/sites/files/tpa/tpa_news_images/new-york-times-logo.jpg,-0.13506231201787183
1.659626,28.033886,https://www.nytimes.com/reuters/2018/09/24/business/24reuters-lng-tanker-arrival.html,"LNG Tanker Ougarta Set to Arrive at UK's Isle of Grain on Sept. 27",https://texasperformingarts.org/sites/files/tpa/tpa_news_images/new-york-times-logo.jpg,0.0
-93.2929161,37.2249884,https://www.nytimes.com/reuters/2018/09/24/business/24reuters-asia-oil-appec-unipec.html,"World Oil Demand, Refining Growth to Peak in 2035-Unipec",https://texasperformingarts.org/sites/files/tpa/tpa_news_images/new-york-times-logo.jpg,-0.17057192629996887
-122.1341321,38.0193657,https://www.nytimes.com/aponline/2018/09/24/us/politics/ap-us-runner-fatally-stabbed-dc.html,"Mother Says Slain Runner to Be Buried in Wedding Dress",https://texasperformingarts.org/sites/files/tpa/tpa_news_images/new-york-times-logo.jpg,-0.35970958306720807
-95.854734,36.1182678,https://www.nytimes.com/reuters/2018/09/24/world/americas/24reuters-global-drugs-presidents.html,"Regulate: Ex-World Leaders' Solution to 'Failed' Drug War",https://texasperformingarts.org/sites/files/tpa/tpa_news_images/new-york-times-logo.jpg,-0.3718893971319851
-93.17042699999999,44.833439,https://www.nytimes.com/aponline/2018/09/24/sports/ncaafootball/ap-fbc-t25-ap-top-25-heat-check.html,"AP Top 25 Heat Check: Basketball Schools Storm Football Poll",https://texasperformingarts.org/sites/files/tpa/tpa_news_images/new-york-times-logo.jpg,-0.13506231201787183
-96.5847249,39.1974437,https://www.nytimes.com/aponline/2018/09/24/sports/ncaafootball/ap-fbc-t25-ap-top-25-heat-check.html,"AP Top 25 Heat Check: Basketball Schools Storm Football Poll",https://texasperformingarts.org/sites/files/tpa/tpa_news_images/new-york-times-logo.jpg,-0.13506231201787183
-97.51760399999999,35.610913,https://www.nytimes.com/reuters/2018/09/24/business/24reuters-bis-markets-zombie.html,"Low Interest Rates Spawn Rise in Number of Zombie Firms-BIS",https://texasperformingarts.org/sites/files/tpa/tpa_news_images/new-york-times-logo.jpg,-0.30178034375529184
-101.869825,33.584687,https://www.nytimes.com/aponline/2018/09/24/sports/ncaafootball/ap-fbc-t25-ap-top-25-heat-check.html,"AP Top 25 Heat Check: Basketball Schools Storm Football Poll",https://texasperformingarts.org/sites/files/tpa/tpa_news_images/new-york-times-logo.jpg,-0.13506231201787183
-95.8891817,36.0961699,https://www.nytimes.com/aponline/2018/09/24/world/asia/ap-as-singapore-uber.html,"Singapore Fines Uber, Grab for 'Anti-Competitive' Merger",https://texasperformingarts.org/sites/files/tpa/tpa_news_images/new-york-times-logo.jpg,-0.12089925671789153
-94.5168725,37.0812505,https://www.nytimes.com/reuters/2018/09/24/business/24reuters-asia-oil-appec-unipec.html,"World Oil Demand, Refining Growth to Peak in 2035-Unipec",https://texasperformingarts.org/sites/files/tpa/tpa_news_images/new-york-times-logo.jpg,-0.17057192629996887
-104.9871957,39.715162,https://www.nytimes.com/aponline/2018/09/24/sports/ncaafootball/ap-fbc-t25-ap-top-25-heat-check.html,"AP Top 25 Heat Check: Basketball Schools Storm Football Poll",https://texasperformingarts.org/sites/files/tpa/tpa_news_images/new-york-times-logo.jpg,-0.13506231201787183
-77.8599084,40.7982133,https://www.nytimes.com/aponline/2018/09/24/sports/ncaafootball/ap-fbc-t25-ap-top-25-heat-check.html,"AP Top 25 Heat Check: Basketball Schools Storm Football Poll",https://texasperformingarts.org/sites/files/tpa/tpa_news_images/new-york-times-logo.jpg,-0.13506231201787183
-96.4122036,35.8428196,https://www.nytimes.com/aponline/2018/09/24/world/asia/ap-as-singapore-uber.html,"Singapore Fines Uber, Grab for 'Anti-Competitive' Merger",https://texasperformingarts.org/sites/files/tpa/tpa_news_images/new-york-times-logo.jpg,-0.12089925671789153
-118.1189815,33.7766242,https://www.nytimes.com/reuters/2018/09/24/business/24reuters-usa-trade-china-whitepaper.html,"China to Issue White Paper on U.S. Trade Frictions-Xinhua",https://texasperformingarts.org/sites/files/tpa/tpa_news_images/new-york-times-logo.jpg,-0.04230727319369465
174.885971,-40.900557,https://www.nytimes.com/reuters/2018/09/24/world/americas/24reuters-global-drugs-presidents.html,"Regulate: Ex-World Leaders' Solution to 'Failed' Drug War",https://texasperformingarts.org/sites/files/tpa/tpa_news_images/new-york-times-logo.jpg,-0.3718893971319851
-84.2700179,37.8393332,https://www.nytimes.com/aponline/2018/09/24/sports/ncaafootball/ap-fbc-t25-ap-top-25-heat-check.html,"AP Top 25 Heat Check: Basketball Schools Storm Football Poll",https://texasperformingarts.org/sites/files/tpa/tpa_news_images/new-york-times-logo.jpg,-0.13506231201787183
-123.2804428,44.5670367,https://www.nytimes.com/reuters/2018/09/24/business/24reuters-asia-oil-appec-unipec.html,"World Oil Demand, Refining Growth to Peak in 2035-Unipec",https://texasperformingarts.org/sites/files/tpa/tpa_news_images/new-york-times-logo.jpg,-0.17057192629996887
-99.9018131,41.4925374,https://www.nytimes.com/aponline/2018/09/24/sports/ncaafootball/ap-fbc-t25-ap-top-25-heat-check.html,"AP Top 25 Heat Check: Basketball Schools Storm Football Poll",https://texasperformingarts.org/sites/files/tpa/tpa_news_images/new-york-times-logo.jpg,-0.13506231201787183
-97.3627717,32.709483,https://www.nytimes.com/aponline/2018/09/24/sports/ncaafootball/ap-fbc-t25-ap-top-25-heat-check.html,"AP Top 25 Heat Check: Basketball Schools Storm Football Poll",https://texasperformingarts.org/sites/files/tpa/tpa_news_images/new-york-times-logo.jpg,-0.13506231201787183
-95.63841099999999,37.04754399999999,https://www.nytimes.com/aponline/2018/09/24/sports/ncaafootball/ap-fbc-t25-ap-top-25-heat-check.html,"AP Top 25 Heat Check: Basketball Schools Storm Football Poll",https://texasperformingarts.org/sites/files/tpa/tpa_news_images/new-york-times-logo.jpg,-0.13506231201787183
-95.9452658,36.748854,https://www.nytimes.com/aponline/2018/09/24/sports/ncaafootball/ap-fbc-t25-ap-top-25-heat-check.html,"AP Top 25 Heat Check: Basketball Schools Storm Football Poll",https://texasperformingarts.org/sites/files/tpa/tpa_news_images/new-york-times-logo.jpg,-0.13506231201787183
-118.3749309,34.064454,https://www.nytimes.com/aponline/2018/09/24/sports/ncaafootball/ap-fbc-t25-ap-top-25-heat-check.html,"AP Top 25 Heat Check: Basketball Schools Storm Football Poll",https://texasperformingarts.org/sites/files/tpa/tpa_news_images/new-york-times-logo.jpg,-0.13506231201787183
-122.169719,37.4274745,https://www.nytimes.com/aponline/2018/09/24/sports/ncaafootball/ap-fbc-t25-ap-top-25-heat-check.html,"AP Top 25 Heat Check: Basketball Schools Storm Football Poll",https://texasperformingarts.org/sites/files/tpa/tpa_news_images/new-york-times-logo.jpg,-0.13506231201787183
100.6196553,34.047863,https://www.nytimes.com/reuters/2018/09/24/business/24reuters-asia-oil-appec-unipec.html,"World Oil Demand, Refining Growth to Peak in 2035-Unipec",https://texasperformingarts.org/sites/files/tpa/tpa_news_images/new-york-times-logo.jpg,-0.17057192629996887
-95.83857920000001,36.2914338,https://www.nytimes.com/aponline/2018/09/24/sports/ncaafootball/ap-fbc-t25-ap-top-25-heat-check.html,"AP Top 25 Heat Check: Basketball Schools Storm Football Poll",https://texasperformingarts.org/sites/files/tpa/tpa_news_images/new-york-times-logo.jpg,-0.13506231201787183
-72.6031836,41.8088383,https://www.nytimes.com/aponline/2018/09/24/sports/ncaafootball/ap-fbc-t25-ap-top-25-heat-check.html,"AP Top 25 Heat Check: Basketball Schools Storm Football Poll",https://texasperformingarts.org/sites/files/tpa/tpa_news_images/new-york-times-logo.jpg,-0.13506231201787183
34.508523,-8.783195,https://www.nytimes.com/reuters/2018/09/24/business/24reuters-asia-oil-appec-unipec.html,"World Oil Demand, Refining Growth to Peak in 2035-Unipec",https://texasperformingarts.org/sites/files/tpa/tpa_news_images/new-york-times-logo.jpg,-0.17057192629996887
-97.092877,35.0077519,https://www.nytimes.com/aponline/2018/09/24/sports/ncaafootball/ap-fbc-t25-ap-top-25-heat-check.html,"AP Top 25 Heat Check: Basketball Schools Storm Football Poll",https://texasperformingarts.org/sites/files/tpa/tpa_news_images/new-york-times-logo.jpg,-0.13506231201787183
103.819836,1.352083,https://www.nytimes.com/aponline/2018/09/24/world/asia/ap-as-singapore-uber.html,"Singapore Fines Uber, Grab for 'Anti-Competitive' Merger",https://texasperformingarts.org/sites/files/tpa/tpa_news_images/new-york-times-logo.jpg,-0.12089925671789153
-76.3392118,40.0674178,https://www.nytimes.com/aponline/2018/09/24/sports/ncaafootball/ap-fbc-t25-ap-top-25-heat-check.html,"AP Top 25 Heat Check: Basketball Schools Storm Football Poll",https://texasperformingarts.org/sites/files/tpa/tpa_news_images/new-york-times-logo.jpg,-0.13506231201787183
-95.6163952,36.9946908,https://www.nytimes.com/aponline/2018/09/24/sports/ncaafootball/ap-fbc-t25-ap-top-25-heat-check.html,"AP Top 25 Heat Check: Basketball Schools Storm Football Poll",https://texasperformingarts.org/sites/files/tpa/tpa_news_images/new-york-times-logo.jpg,-0.13506231201787183
-95.9931641,36.158574,https://www.nytimes.com/aponline/2018/09/24/us/politics/ap-us-runner-fatally-stabbed-dc.html,"Mother Says Slain Runner to Be Buried in Wedding Dress",https://texasperformingarts.org/sites/files/tpa/tpa_news_images/new-york-times-logo.jpg,-0.35970958306720807
78.96288,20.593684,https://www.nytimes.com/reuters/2018/09/24/business/24reuters-asia-oil-appec-unipec.html,"World Oil Demand, Refining Growth to Peak in 2035-Unipec",https://texasperformingarts.org/sites/files/tpa/tpa_news_images/new-york-times-logo.jpg,-0.17057192629996887
-88.79437659999999,33.4551742,https://www.nytimes.com/aponline/2018/09/24/sports/ncaafootball/ap-fbc-t25-ap-top-25-heat-check.html,"AP Top 25 Heat Check: Basketball Schools Storm Football Poll",https://texasperformingarts.org/sites/files/tpa/tpa_news_images/new-york-times-logo.jpg,-0.13506231201787183
-3.435973,55.378051,https://www.nytimes.com/reuters/2018/09/24/business/24reuters-global-economy-jobs.html,"World Still Waiting for Wages Boost Despite Stronger Economy-Hays",https://texasperformingarts.org/sites/files/tpa/tpa_news_images/new-york-times-logo.jpg,-0.21172099507429004
2.213749,46.227638,https://www.nytimes.com/reuters/2018/09/24/business/24reuters-global-economy-jobs.html,"World Still Waiting for Wages Boost Despite Stronger Economy-Hays",https://texasperformingarts.org/sites/files/tpa/tpa_news_images/new-york-times-logo.jpg,-0.21172099507429004
-94.5793388,39.0957132,https://www.nytimes.com/aponline/2018/09/24/world/asia/ap-as-singapore-uber.html,"Singapore Fines Uber, Grab for 'Anti-Competitive' Merger",https://texasperformingarts.org/sites/files/tpa/tpa_news_images/new-york-times-logo.jpg,-0.12089925671789153
115.66283,-2.2179704,https://www.nytimes.com/aponline/2018/09/24/world/asia/ap-as-singapore-uber.html,"Singapore Fines Uber, Grab for 'Anti-Competitive' Merger",https://texasperformingarts.org/sites/files/tpa/tpa_news_images/new-york-times-logo.jpg,-0.12089925671789153
-87.6499011,41.8838278,https://www.nytimes.com/aponline/2018/09/24/sports/ncaafootball/ap-fbc-t25-ap-top-25-heat-check.html,"AP Top 25 Heat Check: Basketball Schools Storm Football Poll",https://texasperformingarts.org/sites/files/tpa/tpa_news_images/new-york-times-logo.jpg,-0.13506231201787183
-99.9018131,31.9685988,https://www.nytimes.com/aponline/2018/09/24/sports/ncaafootball/ap-fbc-t25-ap-top-25-heat-check.html,"AP Top 25 Heat Check: Basketball Schools Storm Football Poll",https://texasperformingarts.org/sites/files/tpa/tpa_news_images/new-york-times-logo.jpg,-0.13506231201787183
-95.9035675,36.0768543,https://www.nytimes.com/reuters/2018/09/24/business/24reuters-asia-oil-appec-unipec.html,"World Oil Demand, Refining Growth to Peak in 2035-Unipec",https://texasperformingarts.org/sites/files/tpa/tpa_news_images/new-york-times-logo.jpg,-0.17057192629996887
-95.68631189999999,37.4147353,https://www.nytimes.com/reuters/2018/09/24/business/24reuters-lng-tanker-arrival.html,"LNG Tanker Ougarta Set to Arrive at UK's Isle of Grain on Sept. 27",https://texasperformingarts.org/sites/files/tpa/tpa_news_images/new-york-times-logo.jpg,0.0
-83.5622672,43.3709147,https://www.nytimes.com/aponline/2018/09/24/sports/ncaafootball/ap-fbc-t25-ap-top-25-heat-check.html,"AP Top 25 Heat Check: Basketball Schools Storm Football Poll",https://texasperformingarts.org/sites/files/tpa/tpa_news_images/new-york-times-logo.jpg,-0.13506231201787183
-0.1277583,51.5073509,https://www.nytimes.com/reuters/2018/09/24/business/24reuters-bis-markets-zombie.html,"Low Interest Rates Spawn Rise in Number of Zombie Firms-BIS",https://texasperformingarts.org/sites/files/tpa/tpa_news_images/new-york-times-logo.jpg,-0.30178034375529184
-95.88077559999999,35.9422539,https://www.nytimes.com/aponline/2018/09/24/sports/ncaafootball/ap-fbc-t25-ap-top-25-heat-check.html,"AP Top 25 Heat Check: Basketball Schools Storm Football Poll",https://texasperformingarts.org/sites/files/tpa/tpa_news_images/new-york-times-logo.jpg,-0.13506231201787183
121.774017,12.879721,https://www.nytimes.com/aponline/2018/09/24/world/asia/ap-as-singapore-uber.html,"Singapore Fines Uber, Grab for 'Anti-Competitive' Merger",https://texasperformingarts.org/sites/files/tpa/tpa_news_images/new-york-times-logo.jpg,-0.12089925671789153
-77.07375979999999,38.935834,https://www.nytimes.com/aponline/2018/09/24/us/politics/ap-us-runner-fatally-stabbed-dc.html,"Mother Says Slain Runner to Be Buried in Wedding Dress",https://texasperformingarts.org/sites/files/tpa/tpa_news_images/new-york-times-logo.jpg,-0.35970958306720807
-95.712891,37.09024,https://www.nytimes.com/aponline/2018/09/24/sports/ncaafootball/ap-fbc-t25-ap-top-25-heat-check.html,"AP Top 25 Heat Check: Basketball Schools Storm Football Poll",https://texasperformingarts.org/sites/files/tpa/tpa_news_images/new-york-times-logo.jpg,-0.13506231201787183
-75.3939201,40.0444707,https://www.nytimes.com/reuters/2018/09/24/business/24reuters-global-economy-jobs.html,"World Still Waiting for Wages Boost Despite Stronger Economy-Hays",https://texasperformingarts.org/sites/files/tpa/tpa_news_images/new-york-times-logo.jpg,-0.21172099507429004
116.4073963,39.90419989999999,https://www.nytimes.com/reuters/2018/09/24/business/24reuters-asia-oil-appec-unipec.html,"World Oil Demand, Refining Growth to Peak in 2035-Unipec",https://texasperformingarts.org/sites/files/tpa/tpa_news_images/new-york-times-logo.jpg,-0.17057192629996887
-73.98967739999999,40.7499633,https://www.nytimes.com/reuters/2018/09/24/world/americas/24reuters-global-drugs-presidents.html,"Regulate: Ex-World Leaders' Solution to 'Failed' Drug War",https://texasperformingarts.org/sites/files/tpa/tpa_news_images/new-york-times-logo.jpg,-0.3718893971319851
-110.958442,32.289235,https://www.nytimes.com/reuters/2018/09/24/world/americas/24reuters-global-drugs-presidents.html,"Regulate: Ex-World Leaders' Solution to 'Failed' Drug War",https://texasperformingarts.org/sites/files/tpa/tpa_news_images/new-york-times-logo.jpg,-0.3718893971319851
-97.0774564,32.9420392,https://www.nytimes.com/reuters/2018/09/24/business/24reuters-global-economy-jobs.html,"World Still Waiting for Wages Boost Despite Stronger Economy-Hays",https://texasperformingarts.org/sites/files/tpa/tpa_news_images/new-york-times-logo.jpg,-0.21172099507429004
-95.9405975,36.1013645,https://www.nytimes.com/reuters/2018/09/24/business/24reuters-asia-oil-appec-unipec.html,"World Oil Demand, Refining Growth to Peak in 2035-Unipec",https://texasperformingarts.org/sites/files/tpa/tpa_news_images/new-york-times-logo.jpg,-0.17057192629996887
10.7522454,59.9138688,https://www.nytimes.com/reuters/2018/09/24/business/24reuters-lng-tanker-arrival.html,"LNG Tanker Ougarta Set to Arrive at UK's Isle of Grain on Sept. 27",https://texasperformingarts.org/sites/files/tpa/tpa_news_images/new-york-times-logo.jpg,0.0
-94.356145,39.1369849,https://www.nytimes.com/aponline/2018/09/24/sports/ncaafootball/ap-fbc-t25-ap-top-25-heat-check.html,"AP Top 25 Heat Check: Basketball Schools Storm Football Poll",https://texasperformingarts.org/sites/files/tpa/tpa_news_images/new-york-times-logo.jpg,-0.13506231201787183
-116.882755,32.4924887,https://www.nytimes.com/reuters/2018/09/24/world/americas/24reuters-global-drugs-presidents.html,"Regulate: Ex-World Leaders' Solution to 'Failed' Drug War",https://texasperformingarts.org/sites/files/tpa/tpa_news_images/new-york-times-logo.jpg,-0.3718893971319851
-95.9631828,36.75015399999999,https://www.nytimes.com/reuters/2018/09/24/business/24reuters-asia-oil-appec-unipec.html,"World Oil Demand, Refining Growth to Peak in 2035-Unipec",https://texasperformingarts.org/sites/files/tpa/tpa_news_images/new-york-times-logo.jpg,-0.17057192629996887
-91.8318334,37.9642529,https://www.nytimes.com/aponline/2018/09/24/sports/ncaafootball/ap-fbc-t25-ap-top-25-heat-check.html,"AP Top 25 Heat Check: Basketball Schools Storm Football Poll",https://texasperformingarts.org/sites/files/tpa/tpa_news_images/new-york-times-logo.jpg,-0.13506231201787183
-76.6095766,39.3303479,https://www.nytimes.com/aponline/2018/09/24/world/asia/ap-as-singapore-uber.html,"Singapore Fines Uber, Grab for 'Anti-Competitive' Merger",https://texasperformingarts.org/sites/files/tpa/tpa_news_images/new-york-times-logo.jpg,-0.12089925671789153
111.327412,27.726514,https://www.nytimes.com/reuters/2018/09/24/business/24reuters-usa-trade-china-whitepaper.html,"China to Issue White Paper on U.S. Trade Frictions-Xinhua",https://texasperformingarts.org/sites/files/tpa/tpa_news_images/new-york-times-logo.jpg,-0.04230727319369465
-94.5060151,37.0847576,https://www.nytimes.com/aponline/2018/09/24/sports/ncaafootball/ap-fbc-t25-ap-top-25-heat-check.html,"AP Top 25 Heat Check: Basketball Schools Storm Football Poll",https://texasperformingarts.org/sites/files/tpa/tpa_news_images/new-york-times-logo.jpg,-0.13506231201787183
-71.07319439999999,42.350667,https://www.nytimes.com/reuters/2018/09/24/business/24reuters-asia-oil-appec-unipec.html,"World Oil Demand, Refining Growth to Peak in 2035-Unipec",https://texasperformingarts.org/sites/files/tpa/tpa_news_images/new-york-times-logo.jpg,-0.17057192629996887
-95.8389897,36.36430319999999,https://www.nytimes.com/aponline/2018/09/24/sports/ncaafootball/ap-fbc-t25-ap-top-25-heat-check.html,"AP Top 25 Heat Check: Basketball Schools Storm Football Poll",https://texasperformingarts.org/sites/files/tpa/tpa_news_images/new-york-times-logo.jpg,-0.13506231201787183
5.291265999999999,52.132633,https://www.nytimes.com/aponline/2018/09/24/world/europe/ap-eu-britain-buckingham-palace-arrest.html,"Man Arrested With Small Taser at Buckingham Palace Set Free",https://texasperformingarts.org/sites/files/tpa/tpa_news_images/new-york-times-logo.jpg,-0.35947068101352264
-95.83857920000001,36.2914338,https://www.nytimes.com/aponline/2018/09/24/world/europe/ap-eu-britain-buckingham-palace-arrest.html,"Man Arrested With Small Taser at Buckingham Palace Set Free",https://texasperformingarts.org/sites/files/tpa/tpa_news_images/new-york-times-logo.jpg,-0.35947068101352264
-120.5542012,43.8041334,https://www.nytimes.com/aponline/2018/09/24/sports/ncaafootball/ap-fbc-t25-ap-top-25-heat-check.html,"AP Top 25 Heat Check: Basketball Schools Storm Football Poll",https://texasperformingarts.org/sites/files/tpa/tpa_news_images/new-york-times-logo.jpg,-0.13506231201787183
-71.0513113,42.3502892,https://www.nytimes.com/reuters/2018/09/24/business/24reuters-bis-markets-zombie.html,"Low Interest Rates Spawn Rise in Number of Zombie Firms-BIS",https://texasperformingarts.org/sites/files/tpa/tpa_news_images/new-york-times-logo.jpg,-0.30178034375529184
-96.1815738,37.1216668,https://www.nytimes.com/reuters/2018/09/24/business/24reuters-global-economy-jobs.html,"World Still Waiting for Wages Boost Despite Stronger Economy-Hays",https://texasperformingarts.org/sites/files/tpa/tpa_news_images/new-york-times-logo.jpg,-0.21172099507429004
-95.9367424,36.7120511,https://www.nytimes.com/reuters/2018/09/24/business/24reuters-asia-oil-appec-unipec.html,"World Oil Demand, Refining Growth to Peak in 2035-Unipec",https://texasperformingarts.org/sites/files/tpa/tpa_news_images/new-york-times-logo.jpg,-0.17057192629996887
-97.7244867,35.384226,https://www.nytimes.com/aponline/2018/09/24/sports/ncaafootball/ap-fbc-t25-ap-top-25-heat-check.html,"AP Top 25 Heat Check: Basketball Schools Storm Football Poll",https://texasperformingarts.org/sites/files/tpa/tpa_news_images/new-york-times-logo.jpg,-0.13506231201787183
103.8587243,1.2957136,https://www.nytimes.com/reuters/2018/09/24/business/24reuters-global-economy-jobs.html,"World Still Waiting for Wages Boost Despite Stronger Economy-Hays",https://texasperformingarts.org/sites/files/tpa/tpa_news_images/new-york-times-logo.jpg,-0.21172099507429004
-122.4166041,37.77679639999999,https://www.nytimes.com/aponline/2018/09/24/sports/ncaafootball/ap-fbc-t25-ap-top-25-heat-check.html,"AP Top 25 Heat Check: Basketball Schools Storm Football Poll",https://texasperformingarts.org/sites/files/tpa/tpa_news_images/new-york-times-logo.jpg,-0.13506231201787183
104.195397,35.86166,https://www.nytimes.com/reuters/2018/09/24/business/24reuters-asia-oil-appec-unipec.html,"World Oil Demand, Refining Growth to Peak in 2035-Unipec",https://texasperformingarts.org/sites/files/tpa/tpa_news_images/new-york-times-logo.jpg,-0.17057192629996887
-95.9407298,36.7528648,https://www.nytimes.com/reuters/2018/09/24/world/americas/24reuters-global-drugs-presidents.html,"Regulate: Ex-World Leaders' Solution to 'Failed' Drug War",https://texasperformingarts.org/sites/files/tpa/tpa_news_images/new-york-times-logo.jpg,-0.3718893971319851
116.4073963,39.90419989999999,https://www.nytimes.com/reuters/2018/09/24/business/24reuters-usa-trade-china-whitepaper.html,"China to Issue White Paper on U.S. Trade Frictions-Xinhua",https://texasperformingarts.org/sites/files/tpa/tpa_news_images/new-york-times-logo.jpg,-0.04230727319369465
-82.8364148,34.6760942,https://www.nytimes.com/aponline/2018/09/24/sports/ncaafootball/ap-fbc-t25-ap-top-25-heat-check.html,"AP Top 25 Heat Check: Basketball Schools Storm Football Poll",https://texasperformingarts.org/sites/files/tpa/tpa_news_images/new-york-times-logo.jpg,-0.13506231201787183
-95.7117973,37.0597217,https://www.nytimes.com/aponline/2018/09/24/world/asia/ap-as-singapore-uber.html,"Singapore Fines Uber, Grab for 'Anti-Competitive' Merger",https://texasperformingarts.org/sites/files/tpa/tpa_news_images/new-york-times-logo.jpg,-0.12089925671789153
-73.5750025,45.48318279999999,https://www.nytimes.com/reuters/2018/09/24/business/24reuters-asia-oil-appec-unipec.html,"World Oil Demand, Refining Growth to Peak in 2035-Unipec",https://texasperformingarts.org/sites/files/tpa/tpa_news_images/new-york-times-logo.jpg,-0.17057192629996887
-83.03091429999999,40.0141905,https://www.nytimes.com/aponline/2018/09/24/sports/ncaafootball/ap-fbc-t25-ap-top-25-heat-check.html,"AP Top 25 Heat Check: Basketball Schools Storm Football Poll",https://texasperformingarts.org/sites/files/tpa/tpa_news_images/new-york-times-logo.jpg,-0.13506231201787183
-97.637694,35.461422,https://www.nytimes.com/reuters/2018/09/24/world/americas/24reuters-global-drugs-presidents.html,"Regulate: Ex-World Leaders' Solution to 'Failed' Drug War",https://texasperformingarts.org/sites/files/tpa/tpa_news_images/new-york-times-logo.jpg,-0.3718893971319851
103.8749907,1.3292079,https://www.nytimes.com/reuters/2018/09/24/business/24reuters-asia-oil-appec-unipec.html,"World Oil Demand, Refining Growth to Peak in 2035-Unipec",https://texasperformingarts.org/sites/files/tpa/tpa_news_images/new-york-times-logo.jpg,-0.17057192629996887